{
  "\t": 0.0006448474426707997,
  "\n": 0.03439186360910932,
  " ": 0.15866641023610467,
  "!": 0.0011539375289898522,
  "\"": 0.0008032310250811716,
  "'": 0.004197164933874854,
  "(": 0.00023191881710090165,
  ")": 0.00023191881710090165,
  ",": 0.018067041507811705,
  "-": 0.002500197979478013,
  ".": 0.011867455567748578,
  "/": 6.222212166121752e-05,
  "0": 1.1313113029312276e-05,
  "1": 4.52524521172491e-05,
  "2": 4.52524521172491e-05,
  "3": 2.828278257328069e-05,
  "4": 2.262622605862455e-05,
  "5": 2.262622605862455e-05,
  "6": 5.656556514656138e-06,
  "7": 5.656556514656138e-06,
  "9": 5.656556514656138e-06,
  ":": 0.00027717126921815075,
  ";": 0.0009163621553742944,
  "<": 1.1313113029312276e-05,
  "=": 0.0010577760682406979,
  ">": 1.1313113029312276e-05,
  "?": 0.0024888848664487008,
  "A": 0.008145441381104838,
  "B": 0.001515957145927845,
  "C": 0.0014876743633545643,
  "D": 0.0013688866765467853,
  "E": 0.006267464618239001,
  "F": 0.001193533424592445,
  "G": 0.002585046327197855,
  "H": 0.005831909766610478,
  "I": 0.007432715260258165,
  "J": 5.656556514656138e-05,
  "K": 0.001023836729152761,
  "L": 0.0052040319934836465,
  "M": 0.003478782256513525,
  "N": 0.0038408018734515177,
  "O": 0.005153122984851741,
  "P": 0.0017026235109114975,
  "Q": 0.0006448474426707997,
  "R": 0.0035919133868066474,
  "S": 0.003326055230617809,
  "T": 0.008360390528661771,
  "U": 0.0015329268154718133,
  "V": 0.000328080277850056,
  "W": 0.0026755512314323533,
  "Y": 0.0008032310250811716,
  "Z": 0.00028282782573280687,
  "[": 0.0015046440328985327,
  "]": 0.0015046440328985327,
  "a": 0.05015668661545598,
  "b": 0.008869480614980824,
  "c": 0.013637957756835949,
  "d": 0.027858540834681478,
  "e": 0.08396026834704105,
  "f": 0.014056542938920502,
  "g": 0.011788263776543392,
  "h": 0.04385528265812904,
  "i": 0.0425316484336995,
  "j": 0.00057131220798027,
  "k": 0.0062391818356657205,
  "l": 0.030398334709762085,
  "m": 0.020657744391524215,
  "n": 0.04423992850112565,
  "o": 0.05931465161268426,
  "p": 0.009774529657325807,
  "q": 0.0005995949905535506,
  "r": 0.04159831660878124,
  "s": 0.045631441403731064,
  "t": 0.06211464708743905,
  "u": 0.023152285814487573,
  "v": 0.006742615365470116,
  "w": 0.014808864955369769,
  "x": 0.0009898973900648242,
  "y": 0.017433507178170216,
  "z": 0.0004016155125405858
}